seed,condition,run_count,cad_run_count,clarification_run_count,execution_pass_at_0,execution_rate_at_0,execution_pass_at_1,execution_rate_at_1,execution_pass_at_2,execution_rate_at_2,constraint_pass_at_0,constraint_rate_at_0,constraint_pass_at_1,constraint_rate_at_1,constraint_pass_at_2,constraint_rate_at_2,end_to_end_pass_at_0,end_to_end_rate_at_0,end_to_end_pass_at_1,end_to_end_rate_at_1,end_to_end_pass_at_2,end_to_end_rate_at_2,repairs_used,execution_repairs,constraint_repairs,total_tokens,estimated_cost,median_latency_seconds,p95_latency_seconds,transport_retries
101,baseline,60,54,6,51,0.94444444,52,0.96296296,54,1.0,42,0.77777778,49,0.90740741,51,0.94444444,42,0.77777778,49,0.90740741,51,0.94444444,17,5,12,534552,1.9213475,103.865529,572.719645,16
101,lightweight_rag,60,54,6,52,0.96296296,54,1.0,54,1.0,41,0.75925926,48,0.88888889,49,0.90740741,41,0.75925926,48,0.88888889,49,0.90740741,19,4,15,644184,2.253595,78.898404,717.677768,10
101,full_rag,60,54,6,46,0.85185185,52,0.96296296,52,0.96296296,38,0.7037037,49,0.90740741,50,0.92592593,38,0.7037037,49,0.90740741,50,0.92592593,21,11,10,599656,2.0716275,96.20903,687.045985,17
202,baseline,60,54,6,49,0.90740741,53,0.98148148,54,1.0,40,0.74074074,48,0.88888889,50,0.92592593,40,0.74074074,48,0.88888889,50,0.92592593,20,9,11,625200,2.260405,84.984049,694.570396,10
202,lightweight_rag,60,54,6,50,0.92592593,52,0.96296296,52,0.96296296,38,0.7037037,46,0.85185185,47,0.87037037,38,0.7037037,46,0.85185185,47,0.87037037,24,6,18,633217,2.19425875,129.563682,419.357055,13
202,full_rag,60,54,6,50,0.92592593,54,1.0,54,1.0,39,0.72222222,48,0.88888889,49,0.90740741,39,0.72222222,48,0.88888889,49,0.90740741,21,5,16,577006,1.9754725,74.876313,594.804316,21
303,baseline,60,54,6,52,0.96296296,53,0.98148148,54,1.0,42,0.77777778,50,0.92592593,51,0.94444444,42,0.77777778,50,0.92592593,51,0.94444444,16,5,11,438420,1.572625,70.83063,420.777147,11
303,lightweight_rag,60,54,6,53,0.98148148,54,1.0,54,1.0,45,0.83333333,49,0.90740741,51,0.94444444,45,0.83333333,49,0.90740741,51,0.94444444,14,2,12,700927,2.48296125,82.299974,475.149074,7
303,full_rag,60,54,6,47,0.87037037,52,0.96296296,53,0.98148148,31,0.57407407,46,0.85185185,47,0.87037037,30,0.55555556,45,0.83333333,47,0.87037037,33,13,20,715993,2.46143125,127.352587,633.830852,15
